INSERT INTO N09_BOPHAN (MABP, TENBP)
VALUES ('BP001', N'Quản lý');

INSERT INTO N09_BOPHAN (MABP, TENBP)
VALUES ('BP002', N'Bán hàng');  

INSERT INTO N09_BOPHAN (MABP, TENBP)
VALUES ('BP003', N'Kế toán');

INSERT INTO N09_BOPHAN (MABP, TENBP)
VALUES ('BP004', N'Thủ kho');

INSERT INTO N09_NHANVIEN (MANV, HOTEN, PHAI, NGAYSINH, DIENTHOAI, BPLAMVIEC, MUCLUONG, MANQL)
VALUES ('NV001', N'Nguyễn Văn Minh', N'Nam', TO_DATE('1990-01-01', 'YYYY-MM-DD'), '0912345678', 'BP001', 12000, NULL);
INSERT INTO N09_NHANVIEN (MANV, HOTEN, PHAI, NGAYSINH, DIENTHOAI, BPLAMVIEC, MUCLUONG, MANQL)
VALUES ('NV002', N'Trần Thị Xuân', N'Nữ', TO_DATE('1995-02-15', 'YYYY-MM-DD'), '0987654321', 'BP002', 8000, NULL);
INSERT INTO N09_NHANVIEN (MANV, HOTEN, PHAI, NGAYSINH, DIENTHOAI, BPLAMVIEC, MUCLUONG, MANQL)
VALUES ('NV003', N'Lê Văn Huy', N'Nam', TO_DATE('1992-07-10', 'YYYY-MM-DD'), '0908765432', 'BP001', 9000, NULL);
INSERT INTO N09_NHANVIEN (MANV, HOTEN, PHAI, NGAYSINH, DIENTHOAI, BPLAMVIEC, MUCLUONG, MANQL)
VALUES ('NV004', N'Dương Thị Tuệ', N'Nữ', TO_DATE('1998-05-20', 'YYYY-MM-DD'), '0932145678', 'BP003', 7000, NULL);
INSERT INTO N09_NHANVIEN (MANV, HOTEN, PHAI, NGAYSINH, DIENTHOAI, BPLAMVIEC, MUCLUONG, MANQL)
VALUES ('NV005', N'Phạm Văn Tiến', N'Nam', TO_DATE('1994-09-12', 'YYYY-MM-DD'), '0976543218', 'BP002', 8000, NULL);
INSERT INTO N09_NHANVIEN (MANV, HOTEN, PHAI, NGAYSINH, DIENTHOAI, BPLAMVIEC, MUCLUONG, MANQL)
VALUES ('NV006', N'Bùi Thị Hoa', N'Nữ', TO_DATE('1999-11-01', 'YYYY-MM-DD'), '0963214578', 'BP001', 6000, NULL);
INSERT INTO N09_NHANVIEN (MANV, HOTEN, PHAI, NGAYSINH, DIENTHOAI, BPLAMVIEC, MUCLUONG, MANQL)
VALUES ('NV007', N'Nguyễn Văn Duy', N'Nam', TO_DATE('1991-03-08', 'YYYY-MM-DD'), '0942315678', 'BP003', 9000, NULL);
INSERT INTO N09_NHANVIEN (MANV, HOTEN, PHAI, NGAYSINH, DIENTHOAI, BPLAMVIEC, MUCLUONG, MANQL)
VALUES ('NV008', N'Trần Thị Mai', N'Nữ', TO_DATE('1996-06-25', 'YYYY-MM-DD'), '0998765421', 'BP002', 8000, NULL);
INSERT INTO N09_NHANVIEN (MANV, HOTEN, PHAI, NGAYSINH, DIENTHOAI, BPLAMVIEC, MUCLUONG, MANQL)
VALUES ('NV009', N'Lê Văn Đàm', N'Nam', TO_DATE('1993-10-15', 'YYYY-MM-DD'), '0921435678', 'BP001', 7000, NULL);
INSERT INTO N09_NHANVIEN (MANV, HOTEN, PHAI, NGAYSINH, DIENTHOAI, BPLAMVIEC, MUCLUONG, MANQL)
VALUES ('NV010', N'Dương Thị Huệ', N'Nữ', TO_DATE('2000-01-01', 'YYYY-MM-DD'), '0954321678', 'BP003', 6000, NULL);
INSERT INTO N09_NHANVIEN (MANV, HOTEN, PHAI, NGAYSINH, DIENTHOAI, BPLAMVIEC, MUCLUONG, MANQL)
VALUES ('NV011', N'Trần Thị Minh', N'Nữ', TO_DATE('1996-05-24', 'YYYY-MM-DD'), '0998772356', 'BP004', 6500, NULL);
INSERT INTO N09_NHANVIEN (MANV, HOTEN, PHAI, NGAYSINH, DIENTHOAI, BPLAMVIEC, MUCLUONG, MANQL)
VALUES ('NV012', N'Lê Văn Hậu', N'Nam', TO_DATE('1993-11-16', 'YYYY-MM-DD'), '0921496523', 'BP004', 6500, NULL);
INSERT INTO N09_NHANVIEN (MANV, HOTEN, PHAI, NGAYSINH, DIENTHOAI, BPLAMVIEC, MUCLUONG, MANQL)
VALUES ('NV013', N'Dương Thị Tuyết', N'Nữ', TO_DATE('2000-09-05', 'YYYY-MM-DD'), '0954345612', 'BP004', 6500, NULL);

UPDATE N09_NHANVIEN
SET MANQL = 'NV003'
WHERE MANV IN ('NV004','NV007', 'NV010');

UPDATE N09_NHANVIEN
SET MANQL = 'NV001'
WHERE MANV IN ('NV003','NV006','NV009');

UPDATE N09_NHANVIEN
SET MANQL = 'NV006'
WHERE MANV IN ('NV011','NV012','NV013');

UPDATE N09_NHANVIEN
SET MANQL = 'NV009'
WHERE MANV IN ('NV002','NV005','NV008');

INSERT INTO N09_LOAIBC (MALOAIBC, TENLOAIBC)
VALUES ('LBC01', N'Báo cáo bán hàng');

INSERT INTO N09_LOAIBC (MALOAIBC, TENLOAIBC)
VALUES ('LBC02', N'Báo cáo tồn kho');

INSERT INTO N09_LOAIBC (MALOAIBC, TENLOAIBC)
VALUES ('LBC03', N'Báo cáo tài chính');

INSERT INTO N09_LOAIBC (MALOAIBC, TENLOAIBC)
VALUES ('LBC04', N'Báo cáo thống kê');

INSERT INTO N09_LOAIBC (MALOAIBC, TENLOAIBC)
VALUES ('LBC05', N'Báo cáo khác');

INSERT INTO N09_BAOCAO (MABC, TENBC, LOAIBC, NGUOILAP, NGUOINHAN, NGAYLAP)
VALUES ('BC001', N'Báo cáo bán hàng tháng 12/2023', 'LBC01', 'NV004', 'NV003', DATE '2023-12-31');

INSERT INTO N09_BAOCAO (MABC, TENBC, LOAIBC, NGUOILAP, NGUOINHAN, NGAYLAP)
VALUES ('BC002', N'Báo cáo tồn kho tháng 1/2024', 'LBC02', 'NV012', 'NV006', DATE '2024-01-31');

INSERT INTO N09_BAOCAO (MABC, TENBC, LOAIBC, NGUOILAP, NGUOINHAN, NGAYLAP)
VALUES ('BC003', N'Báo cáo tài chính quý 4 năm 2023', 'LBC03', 'NV007', 'NV003', DATE '2024-01-15');

INSERT INTO N09_BAOCAO (MABC, TENBC, LOAIBC, NGUOILAP, NGUOINHAN, NGAYLAP)
VALUES ('BC004', N'Báo cáo thống kê khách hàng', 'LBC04', 'NV009', 'NV001', DATE '2024-02-01');

INSERT INTO N09_BAOCAO (MABC, TENBC, LOAIBC, NGUOILAP, NGUOINHAN, NGAYLAP)
VALUES ('BC005', N'Báo cáo dự án mới', 'LBC05', 'NV009', 'NV001', DATE '2024-02-10');

--select nv.maNV, bp.tenbp, nv.MANQL
--from N09_nhanvien nv, N09_BOPHAN bp
--where nv.BPLAMVIEC= bp.mabp

INSERT INTO N09_LOAISP (MALOAISP, TENLOAISP)
VALUES ('LP001', N'Điện thoại');

INSERT INTO N09_LOAISP (MALOAISP, TENLOAISP)
VALUES ('LP002', N'Máy tính');

INSERT INTO N09_LOAISP (MALOAISP, TENLOAISP)
VALUES ('LP003', N'Phụ kiện điện tử');

INSERT INTO N09_LOAISP (MALOAISP, TENLOAISP)
VALUES ('LP004', N'Thiết bị âm thanh');

INSERT INTO N09_LOAISP (MALOAISP, TENLOAISP)
VALUES ('LP005', N'Thiết bị gia dụng thông minh');


INSERT INTO N09_SANPHAM (MASP, TENSP, LOAISP, SOLUONGTON, GIANHAP, GIABAN, TINHTRANG)
VALUES ('SP001', N'Điện thoại iPhone 14 Pro Max', 'LP001', 10, 25000000, 30000000, N'Còn hàng');

INSERT INTO N09_SANPHAM (MASP, TENSP, LOAISP, SOLUONGTON, GIANHAP, GIABAN, TINHTRANG)
VALUES ('SP002', N'Máy tính xách tay Dell XPS 13', 'LP002', 5, 15000000, 20000000, N'Còn hàng');

INSERT INTO N09_SANPHAM (MASP, TENSP, LOAISP, SOLUONGTON, GIANHAP, GIABAN, TINHTRANG)
VALUES ('SP003', N'Tai nghe Bluetooth Airpods Pro', 'LP003', 20, 5000000, 7000000, N'Còn hàng');

INSERT INTO N09_SANPHAM (MASP, TENSP, LOAISP, SOLUONGTON, GIANHAP, GIABAN, TINHTRANG)
VALUES ('SP004', N'Loa Bluetooth JBL Flip 5', 'LP004', 15, 2000000, 3000000, N'Còn hàng');

INSERT INTO N09_SANPHAM (MASP, TENSP, LOAISP, SOLUONGTON, GIANHAP, GIABAN, TINHTRANG)
VALUES ('SP005', N'Robot hút bụi Xiaomi Roborock S7 MaxV Ultra', 'LP005', 3, 10000000, 15000000, N'Còn hàng');

INSERT INTO N09_SANPHAM (MASP, TENSP, LOAISP, SOLUONGTON, GIANHAP, GIABAN, TINHTRANG)
VALUES ('SP006', N'Điện thoại Samsung Galaxy S23 Ultra', 'LP001', 20, 25000000, 35000000, N'Còn hàng');

INSERT INTO N09_SANPHAM (MASP, TENSP, LOAISP, SOLUONGTON, GIANHAP, GIABAN, TINHTRANG)
VALUES ('SP007', N'Điện thoại Google Pixel 7 Pro', 'LP001', 15, 20000000, 30000000, N'Còn hàng');

INSERT INTO N09_SANPHAM (MASP, TENSP, LOAISP, SOLUONGTON, GIANHAP, GIABAN, TINHTRANG)
VALUES ('SP008', N'Máy tính bảng iPad Air 5', 'LP002', 10, 15000000, 20000000, N'Còn hàng');

INSERT INTO N09_SANPHAM (MASP, TENSP, LOAISP, SOLUONGTON, GIANHAP, GIABAN, TINHTRANG)
VALUES ('SP009', N'Máy tính All-in-One Dell Inspiron 24 5000', 'LP002', 5, 10000000, 15000000, N'Còn hàng');

INSERT INTO N09_SANPHAM (MASP, TENSP, LOAISP, SOLUONGTON, GIANHAP, GIABAN, TINHTRANG)
VALUES ('SP010', N'Tai nghe Bluetooth Sony WH-1000XM5', 'LP003', 30, 5000000, 7000000, N'Còn hàng');

INSERT INTO N09_SANPHAM (MASP, TENSP, LOAISP, SOLUONGTON, GIANHAP, GIABAN, TINHTRANG)
VALUES ('SP011', N'Củ sạc nhanh Anker PowerPort III Nano 20W', 'LP003', 50, 500000, 700000, N'Còn hàng');

INSERT INTO N09_SANPHAM (MASP, TENSP, LOAISP, SOLUONGTON, GIANHAP, GIABAN, TINHTRANG)
VALUES ('SP012', N'Loa thanh soundbar Samsung HW-Q70T', 'LP004', 10, 5000000, 7000000, N'Còn hàng');

INSERT INTO N09_SANPHAM (MASP, TENSP, LOAISP, SOLUONGTON, GIANHAP, GIABAN, TINHTRANG)
VALUES ('SP013', N'Tai nghe True Wireless Sony WF-1000XM4', 'LP004', 20, 5000000, 7000000, N'Còn hàng');

INSERT INTO N09_SANPHAM (MASP, TENSP, LOAISP, SOLUONGTON, GIANHAP, GIABAN, TINHTRANG)
VALUES ('SP014', N'Robot hút bụi Ecovacs Deebot X1 Omni', 'LP005', 5, 15000000, 20000000, N'Còn hàng');

INSERT INTO N09_SANPHAM (MASP, TENSP, LOAISP, SOLUONGTON, GIANHAP, GIABAN, TINHTRANG)
VALUES ('SP015', N'Nồi chiên không dầu Philips Airfryer', 'LP005', 5, 15000000, 20000000, N'Còn hàng');


INSERT INTO N09_HOADONBANHANG (MAHD, NGAYLAP, TONGTIEN, NGUOILAP)
VALUES ('HD001', TO_DATE('2024-04-10', 'YYYY-MM-DD'), 37000000, 'NV002');


INSERT INTO N09_CTHDBH (MAHD, MASP, SOLUONG, GIABAN)
VALUES ('HD001', 'SP001', 1, 30000000);  
INSERT INTO N09_CTHDBH (MAHD, MASP, SOLUONG, GIABAN)
VALUES ('HD001', 'SP003', 1, 7000000);  


INSERT INTO N09_HOADONBANHANG (MAHD, NGAYLAP, TONGTIEN, NGUOILAP)
VALUES ('HD002', TO_DATE('2024-04-11', 'YYYY-MM-DD'), 50000000, 'NV005');

INSERT INTO N09_CTHDBH (MAHD, MASP, SOLUONG, GIABAN)
VALUES ('HD002', 'SP007', 1, 30000000); 
INSERT INTO N09_CTHDBH (MAHD, MASP, SOLUONG, GIABAN)
VALUES ('HD002', 'SP008', 1, 20000000);  


INSERT INTO N09_HOADONBANHANG (MAHD, NGAYLAP, TONGTIEN, NGUOILAP)
VALUES ('HD003', TO_DATE('2024-04-12', 'YYYY-MM-DD'), 7000000, 'NV008');

INSERT INTO N09_CTHDBH (MAHD, MASP, SOLUONG, GIABAN)
VALUES ('HD003', 'SP012', 1, 7000000); 

INSERT INTO N09_HOADONBANHANG (MAHD, NGAYLAP, TONGTIEN, NGUOILAP)
VALUES ('HD004', TO_DATE('2024-04-13', 'YYYY-MM-DD'), 20000000, 'NV002');

INSERT INTO N09_CTHDBH (MAHD, MASP, SOLUONG, GIABAN)
VALUES ('HD004', 'SP015', 1, 20000000); 


INSERT INTO N09_HOADONBANHANG (MAHD, NGAYLAP, TONGTIEN, NGUOILAP)
VALUES ('HD005', TO_DATE('2024-04-14', 'YYYY-MM-DD'), 27000000, 'NV008');

INSERT INTO N09_CTHDBH (MAHD, MASP, SOLUONG, GIABAN)
VALUES ('HD005', 'SP013', 1, 7000000);  
INSERT INTO N09_CTHDBH (MAHD, MASP, SOLUONG, GIABAN)
VALUES ('HD005', 'SP014', 1, 20000000);  

INSERT INTO N09_HOADONNHAPHANG (MAHD, NGAYLAP, TONGTIEN, NGUOILAP)
VALUES ('HD001', TO_DATE('2024-04-10', 'YYYY-MM-DD'), 250000000, 'NV011');

INSERT INTO N09_CTHDNH (MAHD, MASP, SOLUONG, GIANHAP)
VALUES ('HD001', 'SP001', 10, 2500000);  

INSERT INTO N09_HOADONNHAPHANG (MAHD, NGAYLAP, TONGTIEN, NGUOILAP)
VALUES ('HD002', TO_DATE('2024-04-11', 'YYYY-MM-DD'), 200000000, 'NV012');

INSERT INTO N09_CTHDNH (MAHD, MASP, SOLUONG, GIANHAP)
VALUES ('HD002', 'SP007', 10, 20000000); 

INSERT INTO N09_HOADONNHAPHANG (MAHD, NGAYLAP, TONGTIEN, NGUOILAP)
VALUES ('HD003', TO_DATE('2024-04-12', 'YYYY-MM-DD'), 50000000, 'NV013');

INSERT INTO N09_CTHDNH (MAHD, MASP, SOLUONG, GIANHAP)
VALUES ('HD003', 'SP012', 10, 5000000); 

INSERT INTO N09_HOADONNHAPHANG (MAHD, NGAYLAP, TONGTIEN, NGUOILAP)
VALUES ('HD004', TO_DATE('2024-04-13', 'YYYY-MM-DD'), 75000000, 'NV011');

INSERT INTO N09_CTHDNH (MAHD, MASP, SOLUONG, GIANHAP)
VALUES ('HD004', 'SP015', 5, 15000000); 

INSERT INTO N09_HOADONNHAPHANG (MAHD, NGAYLAP, TONGTIEN, NGUOILAP)
VALUES ('HD005', TO_DATE('2024-04-14', 'YYYY-MM-DD'), 100000000, 'NV012');

INSERT INTO N09_CTHDNH (MAHD, MASP, SOLUONG, GIANHAP)
VALUES ('HD005', 'SP013', 20, 5000000);  

