-- Lớp: CQ2021/1
-- Nhóm: 09
-- Thành viên:
-- 21120037 - Mã Thùy Anh
-- 21120060 - Nguyễn Long Giang
-- 21120082 - Phan Quốc Huy 
-- 21120117 - Lê Thị Hồng Phượng



-- CONNECT vào C##ADMIN để tạo CSDL trên Schema C##ADMIN 
CONN C##ADMIN/123;
----------------------------------------------------------------
-- Chèn dữ liệu vào bảng N09_DONVI
----------------------------------------------------------------
INSERT INTO N09_DONVI (MADV, TENDV, TRGDV) VALUES ('DV001', 'Văn phòng khoa', 'NV001');
INSERT INTO N09_DONVI (MADV, TENDV, TRGDV) VALUES ('DV002', 'Bộ môn HTTT', 'NV101');
INSERT INTO N09_DONVI (MADV, TENDV, TRGDV) VALUES ('DV003', 'Bộ môn CNPM', 'NV102');
INSERT INTO N09_DONVI (MADV, TENDV, TRGDV) VALUES ('DV004', 'Bộ môn KHMT', 'NV103');
INSERT INTO N09_DONVI (MADV, TENDV, TRGDV) VALUES ('DV005', 'Bộ môn CNTT', 'NV104');
INSERT INTO N09_DONVI (MADV, TENDV, TRGDV) VALUES ('DV006', 'Bộ môn TGMT', 'NV105');
INSERT INTO N09_DONVI (MADV, TENDV, TRGDV) VALUES ('DV007', 'Bộ môn MMT và Viễn thông', 'NV102');
/

----------------------------------------------------------------
-- Chèn dữ liệu vào bảng N09_NHANSU
----------------------------------------------------------------
-- Thêm dữ liệu cho vai trò "Trưởng khoa"
INSERT INTO N09_NHANSU (MANV, HOTEN, PHAI, NGSINH, PHUCAP, DT, VAITRO, MADV, COSO)
VALUES ('NV001', 'Nguyễn Thị Minh Thư', 'Nữ', TO_DATE('1991-01-01', 'YYYY-MM-DD'), 9000000, '0909123001', 'Trưởng khoa', 'DV001', 'Cơ sở 1');
/

----------------------------------------------------------------
-- Thêm dữ liệu cho vai trò "Trưởng đơn vị"
----------------------------------------------------------------
-- <NOTE>
-- Chỉ tạo 5 Trưởng đơn vị vì Trưởng khoa cũng là 1 Trưởng đơn vị
DECLARE
    v_manv CHAR(5);
BEGIN
    FOR i IN 1..5 LOOP
        v_manv := 'NV1' || LPAD(i, 2, '0');        
        INSERT INTO N09_NHANSU (MANV, HOTEN, PHAI, NGSINH, PHUCAP, DT, VAITRO, MADV, COSO)
        VALUES (v_manv, 'Trưởng Đơn Vị ' || i, 
        CASE WHEN MOD(i, 2) = 0 THEN 'Nam' ELSE 'Nữ' END, 
        TO_DATE('1970-01-01', 'YYYY-MM-DD'), 
        1000000 + 10000 * i, 
        '090912310' || MOD(i, 10), 
        'Trưởng đơn vị', 
        'DV00' || (MOD(i, 7) + 1),
        CASE WHEN MOD(i, 2) = 0 THEN 'Cơ sở 1' ELSE 'Cơ sở 2' END);
    END LOOP;
END;
/

----------------------------------------------------------------
-- Thêm dữ liệu cho vai trò "Giảng viên"
----------------------------------------------------------------
DECLARE
    v_manv CHAR(5);
BEGIN
    FOR i IN 1..80 LOOP
        v_manv := 'NV2' || LPAD(i, 2, '0');        
        INSERT INTO N09_NHANSU (MANV, HOTEN, PHAI, NGSINH, PHUCAP, DT, VAITRO, MADV, COSO)
        VALUES (v_manv, 'Giảng Viên ' || i, 
        CASE WHEN MOD(i, 2) = 0 THEN 'Nam' ELSE 'Nữ' END, 
        TO_DATE('1990-01-01', 'YYYY-MM-DD'), 
        4000000 + 30000 * i, 
        '09091232' || MOD(i, 100), 
        'Giảng viên', 
        'DV00' || (MOD(i, 7) + 1),
        CASE WHEN MOD(i, 2) = 0 THEN 'Cơ sở 1' ELSE 'Cơ sở 2' END);
    END LOOP;
END;
/

----------------------------------------------------------------
-- Thêm dữ liệu cho vai trò "Giáo vụ"
----------------------------------------------------------------
DECLARE
    v_manv CHAR(5);
BEGIN
    FOR i IN 1..10 LOOP
        v_manv := 'NV3' || LPAD(i, 2, '0');        
        INSERT INTO N09_NHANSU (MANV, HOTEN, PHAI, NGSINH, PHUCAP, DT, VAITRO, MADV, COSO)
        VALUES (v_manv, 'Giáo Vụ ' || i, 
        CASE WHEN MOD(i, 2) = 0 THEN 'Nam' ELSE 'Nữ' END, 
        TO_DATE('1995-01-01', 'YYYY-MM-DD'), 
        3000000 + 20000 * i, 
        '090912330' || MOD(i, 10), 
        'Giáo vụ', 
        'DV00' || (MOD(i, 7) + 1),
        CASE WHEN MOD(i, 2) = 0 THEN 'Cơ sở 1' ELSE 'Cơ sở 2' END);
    END LOOP;
END;
/

----------------------------------------------------------------
-- Thêm dữ liệu cho vai trò "Nhân viên"
----------------------------------------------------------------
DECLARE
    v_manv CHAR(5);
BEGIN
    FOR i IN 1..10 LOOP
        v_manv := 'NV4' || LPAD(i, 2, '0');        
        INSERT INTO N09_NHANSU (MANV, HOTEN, PHAI, NGSINH, PHUCAP, DT, VAITRO, MADV, COSO)
        VALUES (v_manv, 'Nhân Viên ' || i, 
        CASE WHEN MOD(i, 2) = 0 THEN 'Nam' ELSE 'Nữ' END, 
        TO_DATE('2000-01-01', 'YYYY-MM-DD'), 
        2000000 + 20000 * i, 
        '090912340' || MOD(i, 10), 
        'Nhân viên', 
        'DV00' || (MOD(i, 7) + 1),
        CASE WHEN MOD(i, 2) = 0 THEN 'Cơ sở 1' ELSE 'Cơ sở 2' END);
    END LOOP;
END;
/

----------------------------------------------------------------
-- Chèn dữ liệu vào bảng N09_SINHVIEN
----------------------------------------------------------------
INSERT INTO N09_SINHVIEN (MASV, HOTEN, PHAI, NGSINH, DIACHI, DT, MACT, MANGANH, SOTCTL, DTBTL, COSO) VALUES ('SV001', 'Nguyễn Thị Lan', 'Nữ', TO_DATE('2000-01-01', 'YYYY-MM-DD'), '123 Lê Lợi, Phú Nhuận, TP. Hồ Chí Minh', '0911234567', 'CQ', 'CNPM', 100, 8.5, 'Cơ sở 1');
INSERT INTO N09_SINHVIEN (MASV, HOTEN, PHAI, NGSINH, DIACHI, DT, MACT, MANGANH, SOTCTL, DTBTL, COSO) VALUES ('SV002', 'Trần Văn Minh', 'Nam', TO_DATE('2000-02-02', 'YYYY-MM-DD'), '456 Nguyễn Huệ, Hà Đông, Hà Nội', '0912345678', 'CQ', 'CNTT', 110, 7.8, 'Cơ sở 2');
INSERT INTO N09_SINHVIEN (MASV, HOTEN, PHAI, NGSINH, DIACHI, DT, MACT, MANGANH, SOTCTL, DTBTL, COSO) VALUES ('SV003', 'Lê Thị Hoa', 'Nữ', TO_DATE('2000-03-03', 'YYYY-MM-DD'), '789 Trần Phú, Quận 1, TP. Hồ Chí Minh', '0913456789', 'CLC', 'KHMT', 120, 9.0, 'Cơ sở 2');
INSERT INTO N09_SINHVIEN (MASV, HOTEN, PHAI, NGSINH, DIACHI, DT, MACT, MANGANH, SOTCTL, DTBTL, COSO) VALUES ('SV004', 'Phạm Văn Nam', 'Nam', TO_DATE('2000-04-04', 'YYYY-MM-DD'), '101 Lê Thánh Tôn, Phường 12, Bà Rịa Vũng Tàu', '0914567890', 'CTTT', 'TGMT', 95, 6.5, 'Cơ sở 2');
INSERT INTO N09_SINHVIEN (MASV, HOTEN, PHAI, NGSINH, DIACHI, DT, MACT, MANGANH, SOTCTL, DTBTL, COSO) VALUES ('SV005', 'Hoàng Thị Thu', 'Nữ', TO_DATE('2000-05-05', 'YYYY-MM-DD'), '102 Trần Hưng Đạo, Quận 7, TP. Hồ Chí Minh', '0915678901', 'VP', 'MMT', 105, 7.2, 'Cơ sở 2');
INSERT INTO N09_SINHVIEN (MASV, HOTEN, PHAI, NGSINH, DIACHI, DT, MACT, MANGANH, SOTCTL, DTBTL, COSO) VALUES ('SV006', 'Vũ Văn Lam', 'Nam', TO_DATE('2000-06-06', 'YYYY-MM-DD'), '103 Bạch Đằng, Quận 1, TP. Hồ Chí Minh', '0916789012', 'CQ', 'CNPM', 115, 8.0, 'Cơ sở 1');
INSERT INTO N09_SINHVIEN (MASV, HOTEN, PHAI, NGSINH, DIACHI, DT, MACT, MANGANH, SOTCTL, DTBTL, COSO) VALUES ('SV007', 'Bùi Thị Tuyết', 'Nữ', TO_DATE('2000-07-07', 'YYYY-MM-DD'), '104 Ngô Gia Tự, Gò Vấp, TP. Hồ Chí Minh', '0917890123', 'CLC', 'CNTT', 110, 8.4, 'Cơ sở 2');
INSERT INTO N09_SINHVIEN (MASV, HOTEN, PHAI, NGSINH, DIACHI, DT, MACT, MANGANH, SOTCTL, DTBTL, COSO) VALUES ('SV008', 'Đỗ Văn Hung', 'Nam', TO_DATE('2000-08-08', 'YYYY-MM-DD'), '105 Hai Bà Trưng, Ba Đình, Hà Nội', '0918901234', 'CTTT', 'KHMT', 105, 6.9, 'Cơ sở 1');
INSERT INTO N09_SINHVIEN (MASV, HOTEN, PHAI, NGSINH, DIACHI, DT, MACT, MANGANH, SOTCTL, DTBTL, COSO) VALUES ('SV009', 'Ngô Thị Lan', 'Nữ', TO_DATE('2000-09-09', 'YYYY-MM-DD'), '106 Lê Đại Hành, Quận 3, TP. Hồ Chí Minh', '0919012345', 'VP', 'TGMT', 100, 7.5, 'Cơ sở 2');
INSERT INTO N09_SINHVIEN (MASV, HOTEN, PHAI, NGSINH, DIACHI, DT, MACT, MANGANH, SOTCTL, DTBTL, COSO) VALUES ('SV010', 'Chu Văn Tâm', 'Nam', TO_DATE('2000-10-10', 'YYYY-MM-DD'), '107 Điện Biên Phủ, Phường 2, Bà Rịa Vũng Tàu', '0910123456', 'CQ', 'MMT', 110, 8.1, 'Cơ sở 1');
INSERT INTO N09_SINHVIEN (MASV, HOTEN, PHAI, NGSINH, DIACHI, DT, MACT, MANGANH, SOTCTL, DTBTL, COSO) VALUES ('SV011', 'Nguyễn Văn Nam', 'Nam', TO_DATE('2000-11-11', 'YYYY-MM-DD'), '108 Lê Lợi, Quận 5, TP. Hồ Chí Minh', '0921123456', 'CQ', 'CNPM', 105, 7.6, 'Cơ sở 1');
INSERT INTO N09_SINHVIEN (MASV, HOTEN, PHAI, NGSINH, DIACHI, DT, MACT, MANGANH, SOTCTL, DTBTL, COSO) VALUES ('SV012', 'Trần Thị Hạnh', 'Nữ', TO_DATE('2000-12-12', 'YYYY-MM-DD'), '109 Nguyễn Huệ, Quận 1, TP. Hồ Chí Minh', '0922234567', 'CLC', 'CNTT', 110, 8.3, 'Cơ sở 1');
INSERT INTO N09_SINHVIEN (MASV, HOTEN, PHAI, NGSINH, DIACHI, DT, MACT, MANGANH, SOTCTL, DTBTL, COSO) VALUES ('SV013', 'Lê Văn Minh', 'Nam', TO_DATE('2001-01-13', 'YYYY-MM-DD'), '110 Trần Phú, Quận 3, TP. Hồ Chí Minh', '0923345678', 'CTTT', 'KHMT', 100, 6.8, 'Cơ sở 2');
INSERT INTO N09_SINHVIEN (MASV, HOTEN, PHAI, NGSINH, DIACHI, DT, MACT, MANGANH, SOTCTL, DTBTL, COSO) VALUES ('SV014', 'Phạm Thị Lan', 'Nữ', TO_DATE('2001-02-14', 'YYYY-MM-DD'), '111 Hai Bà Trưng, Quận 5, TP. Hồ Chí Minh', '0924456789', 'VP', 'TGMT', 95, 6.5, 'Cơ sở 2');
INSERT INTO N09_SINHVIEN (MASV, HOTEN, PHAI, NGSINH, DIACHI, DT, MACT, MANGANH, SOTCTL, DTBTL, COSO) VALUES ('SV015', 'Hoàng Văn Đức', 'Nam', TO_DATE('2001-03-15', 'YYYY-MM-DD'), '112 Điện Biên Phủ, Quận 10, TP. Hồ Chí Minh', '0925567890', 'CQ', 'MMT', 110, 7.9, 'Cơ sở 1');
INSERT INTO N09_SINHVIEN (MASV, HOTEN, PHAI, NGSINH, DIACHI, DT, MACT, MANGANH, SOTCTL, DTBTL, COSO) VALUES ('SV016', 'Vũ Thị Hương', 'Nữ', TO_DATE('2001-04-16', 'YYYY-MM-DD'), '113 Nguyễn Văn Cừ, Quận 5, TP. Hồ Chí Minh', '0926678901', 'CLC', 'CNPM', 115, 8.4, 'Cơ sở 2');
INSERT INTO N09_SINHVIEN (MASV, HOTEN, PHAI, NGSINH, DIACHI, DT, MACT, MANGANH, SOTCTL, DTBTL, COSO) VALUES ('SV017', 'Bùi Văn An', 'Nam', TO_DATE('2001-05-17', 'YYYY-MM-DD'), '114 Bạch Đằng, Quận 1, TP. Hồ Chí Minh', '0927789012', 'CTTT', 'CNTT', 110, 7.7, 'Cơ sở 1');
INSERT INTO N09_SINHVIEN (MASV, HOTEN, PHAI, NGSINH, DIACHI, DT, MACT, MANGANH, SOTCTL, DTBTL, COSO) VALUES ('SV018', 'Đỗ Thị Mai', 'Nữ', TO_DATE('2001-06-18', 'YYYY-MM-DD'), '115 Lê Thánh Tôn, Quận 4, TP. Hồ Chí Minh', '0928890123', 'VP', 'KHMT', 105, 7.2, 'Cơ sở 1');
INSERT INTO N09_SINHVIEN (MASV, HOTEN, PHAI, NGSINH, DIACHI, DT, MACT, MANGANH, SOTCTL, DTBTL, COSO) VALUES ('SV019', 'Ngô Văn Phú', 'Nam', TO_DATE('2001-07-19', 'YYYY-MM-DD'), '116 Nguyễn Tri Phương, Quận 10, TP. Hồ Chí Minh', '0929901234', 'CQ', 'TGMT', 100, 7.0, 'Cơ sở 2');
INSERT INTO N09_SINHVIEN (MASV, HOTEN, PHAI, NGSINH, DIACHI, DT, MACT, MANGANH, SOTCTL, DTBTL, COSO) VALUES ('SV020', 'Chu Thị Hiền', 'Nữ', TO_DATE('2001-08-20', 'YYYY-MM-DD'), '117 Lý Tự Trọng, Quận 1, TP. Hồ Chí Minh', '0931012345', 'CLC', 'MMT', 105, 7.8, 'Cơ sở 2');
INSERT INTO N09_SINHVIEN (MASV, HOTEN, PHAI, NGSINH, DIACHI, DT, MACT, MANGANH, SOTCTL, DTBTL, COSO) VALUES ('SV021', 'Nguyễn Văn Dũng', 'Nam', TO_DATE('2001-09-21', 'YYYY-MM-DD'), '118 Lê Hồng Phong, Quận 5, TP. Hồ Chí Minh', '0932123456', 'CQ', 'CNPM', 110, 8.2, 'Cơ sở 1');
INSERT INTO N09_SINHVIEN (MASV, HOTEN, PHAI, NGSINH, DIACHI, DT, MACT, MANGANH, SOTCTL, DTBTL, COSO) VALUES ('SV022', 'Trần Thị Ngọc', 'Nữ', TO_DATE('2001-10-22', 'YYYY-MM-DD'), '119 Trần Hưng Đạo, Quận 1, TP. Hồ Chí Minh', '0933234567', 'CLC', 'CNTT', 115, 8.5, 'Cơ sở 1');
INSERT INTO N09_SINHVIEN (MASV, HOTEN, PHAI, NGSINH, DIACHI, DT, MACT, MANGANH, SOTCTL, DTBTL, COSO) VALUES ('SV023', 'Lê Văn Tuấn', 'Nam', TO_DATE('2001-11-23', 'YYYY-MM-DD'), '120 Nguyễn Văn Trỗi, Quận Phú Nhuận, TP. Hồ Chí Minh', '0934345678', 'CTTT', 'KHMT', 105, 7.4, 'Cơ sở 1');
INSERT INTO N09_SINHVIEN (MASV, HOTEN, PHAI, NGSINH, DIACHI, DT, MACT, MANGANH, SOTCTL, DTBTL, COSO) VALUES ('SV024', 'Phạm Thị Bình', 'Nữ', TO_DATE('2001-12-24', 'YYYY-MM-DD'), '121 Lê Văn Sỹ, Quận 3, TP. Hồ Chí Minh', '0935456789', 'VP', 'TGMT', 100, 7.1, 'Cơ sở 2');
INSERT INTO N09_SINHVIEN (MASV, HOTEN, PHAI, NGSINH, DIACHI, DT, MACT, MANGANH, SOTCTL, DTBTL, COSO) VALUES ('SV025', 'Hoàng Văn Quang', 'Nam', TO_DATE('2002-01-25', 'YYYY-MM-DD'), '122 Nguyễn Trãi, Quận 1, TP. Hồ Chí Minh', '0936567890', 'CQ', 'MMT', 110, 7.9, 'Cơ sở 2');
INSERT INTO N09_SINHVIEN (MASV, HOTEN, PHAI, NGSINH, DIACHI, DT, MACT, MANGANH, SOTCTL, DTBTL, COSO) VALUES ('SV026', 'Vũ Thị Thanh', 'Nữ', TO_DATE('2002-02-26', 'YYYY-MM-DD'), '123 Nguyễn Huệ, Quận 1, TP. Hồ Chí Minh', '0937678901', 'CLC', 'CNPM', 115, 8.6, 'Cơ sở 2');
INSERT INTO N09_SINHVIEN (MASV, HOTEN, PHAI, NGSINH, DIACHI, DT, MACT, MANGANH, SOTCTL, DTBTL, COSO) VALUES ('SV027', 'Bùi Văn Sơn', 'Nam', TO_DATE('2002-03-27', 'YYYY-MM-DD'), '124 Trần Phú, Quận 5, TP. Hồ Chí Minh', '0938789012', 'CTTT', 'CNTT', 110, 7.8, 'Cơ sở 1');
INSERT INTO N09_SINHVIEN (MASV, HOTEN, PHAI, NGSINH, DIACHI, DT, MACT, MANGANH, SOTCTL, DTBTL, COSO) VALUES ('SV028', 'Đỗ Thị Hồng', 'Nữ', TO_DATE('2002-04-28', 'YYYY-MM-DD'), '125 Nguyễn Văn Cừ, Quận 10, TP. Hồ Chí Minh', '0939890123', 'VP', 'KHMT', 110, 7.5, 'Cơ sở 1');
INSERT INTO N09_SINHVIEN (MASV, HOTEN, PHAI, NGSINH, DIACHI, DT, MACT, MANGANH, SOTCTL, DTBTL, COSO) VALUES ('SV029', 'Ngô Văn Quang', 'Nam', TO_DATE('2002-05-29', 'YYYY-MM-DD'), '126 Nguyễn Thị Minh Khai, Quận 3, TP. Hồ Chí Minh', '0940012345', 'CQ', 'TGMT', 105, 7.0, 'Cơ sở 2');
INSERT INTO N09_SINHVIEN (MASV, HOTEN, PHAI, NGSINH, DIACHI, DT, MACT, MANGANH, SOTCTL, DTBTL, COSO) VALUES ('SV030', 'Chu Thị Tâm', 'Nữ', TO_DATE('2002-06-30', 'YYYY-MM-DD'), '127 Võ Văn Tần, Quận 3, TP. Hồ Chí Minh', '0941123456', 'CLC', 'MMT', 110, 7.9, 'Cơ sở 1');
/

----------------------------------------------------------------
-- Chèn dữ liệu vào bảng N09_HOCPHAN
----------------------------------------------------------------
INSERT INTO N09_HOCPHAN (MAHP, TENHP, SOTC, STLT, STTH, SOSVTD, MADV) VALUES ('HP001', 'Lập trình C', 3, 30, 15, 50, 'DV001');
INSERT INTO N09_HOCPHAN (MAHP, TENHP, SOTC, STLT, STTH, SOSVTD, MADV) VALUES ('HP002', 'Lập trình Java', 4, 40, 20, 60, 'DV002');
INSERT INTO N09_HOCPHAN (MAHP, TENHP, SOTC, STLT, STTH, SOSVTD, MADV) VALUES ('HP003', 'Cấu trúc dữ liệu', 3, 30, 15, 50, 'DV003');
INSERT INTO N09_HOCPHAN (MAHP, TENHP, SOTC, STLT, STTH, SOSVTD, MADV) VALUES ('HP004', 'Cơ sở dữ liệu', 3, 30, 15, 50, 'DV004');
INSERT INTO N09_HOCPHAN (MAHP, TENHP, SOTC, STLT, STTH, SOSVTD, MADV) VALUES ('HP005', 'Mạng máy tính', 4, 40, 20, 60, 'DV005');
INSERT INTO N09_HOCPHAN (MAHP, TENHP, SOTC, STLT, STTH, SOSVTD, MADV) VALUES ('HP006', 'Trí tuệ nhân tạo', 3, 30, 15, 50, 'DV006');
INSERT INTO N09_HOCPHAN (MAHP, TENHP, SOTC, STLT, STTH, SOSVTD, MADV) VALUES ('HP007', 'Phân tích thiết kế HTTT', 4, 40, 20, 60, 'DV007');
INSERT INTO N09_HOCPHAN (MAHP, TENHP, SOTC, STLT, STTH, SOSVTD, MADV) VALUES ('HP008', 'Khai thác dữ liệu', 3, 30, 15, 50, 'DV001');
INSERT INTO N09_HOCPHAN (MAHP, TENHP, SOTC, STLT, STTH, SOSVTD, MADV) VALUES ('HP009', 'An toàn thông tin', 3, 30, 15, 50, 'DV002');
INSERT INTO N09_HOCPHAN (MAHP, TENHP, SOTC, STLT, STTH, SOSVTD, MADV) VALUES ('HP010', 'Lập trình Python', 3, 30, 15, 50, 'DV003');
INSERT INTO N09_HOCPHAN (MAHP, TENHP, SOTC, STLT, STTH, SOSVTD, MADV) VALUES ('HP011', 'Toán cao cấp', 3, 30, 15, 50, 'DV001');
INSERT INTO N09_HOCPHAN (MAHP, TENHP, SOTC, STLT, STTH, SOSVTD, MADV) VALUES ('HP012', 'Lập trình hướng đối tượng', 4, 40, 20, 60, 'DV002');
INSERT INTO N09_HOCPHAN (MAHP, TENHP, SOTC, STLT, STTH, SOSVTD, MADV) VALUES ('HP013', 'Cấu trúc dữ liệu và giải thuật', 3, 30, 15, 50, 'DV003');
INSERT INTO N09_HOCPHAN (MAHP, TENHP, SOTC, STLT, STTH, SOSVTD, MADV) VALUES ('HP014', 'Kỹ thuật lập trình', 3, 30, 15, 50, 'DV004');
INSERT INTO N09_HOCPHAN (MAHP, TENHP, SOTC, STLT, STTH, SOSVTD, MADV) VALUES ('HP015', 'Mạng máy tính nâng cao', 4, 40, 20, 60, 'DV005');
INSERT INTO N09_HOCPHAN (MAHP, TENHP, SOTC, STLT, STTH, SOSVTD, MADV) VALUES ('HP016', 'Cơ sở dữ liệu nâng cao', 3, 30, 15, 50, 'DV006');
INSERT INTO N09_HOCPHAN (MAHP, TENHP, SOTC, STLT, STTH, SOSVTD, MADV) VALUES ('HP017', 'Hệ điều hành', 3, 30, 15, 50, 'DV007');
INSERT INTO N09_HOCPHAN (MAHP, TENHP, SOTC, STLT, STTH, SOSVTD, MADV) VALUES ('HP018', 'Lập trình web', 4, 40, 20, 60, 'DV001');
INSERT INTO N09_HOCPHAN (MAHP, TENHP, SOTC, STLT, STTH, SOSVTD, MADV) VALUES ('HP019', 'An toàn và bảo mật thông tin', 3, 30, 15, 50, 'DV002');
INSERT INTO N09_HOCPHAN (MAHP, TENHP, SOTC, STLT, STTH, SOSVTD, MADV) VALUES ('HP020', 'Hệ thống thông tin', 4, 40, 20, 60, 'DV003');
INSERT INTO N09_HOCPHAN (MAHP, TENHP, SOTC, STLT, STTH, SOSVTD, MADV) VALUES ('HP021', 'Trí tuệ nhân tạo nâng cao', 3, 30, 15, 50, 'DV004');
INSERT INTO N09_HOCPHAN (MAHP, TENHP, SOTC, STLT, STTH, SOSVTD, MADV) VALUES ('HP022', 'Phân tích và thiết kế hệ thống', 4, 40, 20, 60, 'DV005');
INSERT INTO N09_HOCPHAN (MAHP, TENHP, SOTC, STLT, STTH, SOSVTD, MADV) VALUES ('HP023', 'Lập trình di động', 3, 30, 15, 50, 'DV006');
INSERT INTO N09_HOCPHAN (MAHP, TENHP, SOTC, STLT, STTH, SOSVTD, MADV) VALUES ('HP024', 'Khai phá dữ liệu', 4, 40, 20, 60, 'DV007');
INSERT INTO N09_HOCPHAN (MAHP, TENHP, SOTC, STLT, STTH, SOSVTD, MADV) VALUES ('HP025', 'Hệ thống thông tin địa lý', 3, 30, 15, 50, 'DV001');
INSERT INTO N09_HOCPHAN (MAHP, TENHP, SOTC, STLT, STTH, SOSVTD, MADV) VALUES ('HP026', 'Lập trình game', 4, 40, 20, 60, 'DV002');
INSERT INTO N09_HOCPHAN (MAHP, TENHP, SOTC, STLT, STTH, SOSVTD, MADV) VALUES ('HP027', 'Hệ thống thông tin quản lý', 3, 30, 15, 50, 'DV003');
INSERT INTO N09_HOCPHAN (MAHP, TENHP, SOTC, STLT, STTH, SOSVTD, MADV) VALUES ('HP028', 'Thực tập công nghệ thông tin', 3, 30, 15, 50, 'DV004');
INSERT INTO N09_HOCPHAN (MAHP, TENHP, SOTC, STLT, STTH, SOSVTD, MADV) VALUES ('HP029', 'Công nghệ phần mềm', 4, 40, 20, 60, 'DV005');
INSERT INTO N09_HOCPHAN (MAHP, TENHP, SOTC, STLT, STTH, SOSVTD, MADV) VALUES ('HP030', 'Đồ án môn học', 3, 30, 15, 50, 'DV006');
INSERT INTO N09_HOCPHAN (MAHP, TENHP, SOTC, STLT, STTH, SOSVTD, MADV) VALUES ('HP031', 'Hệ quản trị cơ sở dữ liệu', 4, 40, 20, 60, 'DV007');
INSERT INTO N09_HOCPHAN (MAHP, TENHP, SOTC, STLT, STTH, SOSVTD, MADV) VALUES ('HP032', 'An ninh mạng', 3, 30, 15, 50, 'DV001');
INSERT INTO N09_HOCPHAN (MAHP, TENHP, SOTC, STLT, STTH, SOSVTD, MADV) VALUES ('HP033', 'Quản lý dự án phần mềm', 4, 40, 20, 60, 'DV002');
INSERT INTO N09_HOCPHAN (MAHP, TENHP, SOTC, STLT, STTH, SOSVTD, MADV) VALUES ('HP034', 'Công nghệ web tiên tiến', 3, 30, 15, 50, 'DV003');
INSERT INTO N09_HOCPHAN (MAHP, TENHP, SOTC, STLT, STTH, SOSVTD, MADV) VALUES ('HP035', 'Phát triển ứng dụng di động', 4, 40, 20, 60, 'DV004');
/

----------------------------------------------------------------
-- Chèn dữ liệu vào bảng N09_KHMO
----------------------------------------------------------------
INSERT INTO N09_KHMO (MAHP, HK, NAM, MACT) VALUES ('HP001', 1, 2024, 'CQ');
INSERT INTO N09_KHMO (MAHP, HK, NAM, MACT) VALUES ('HP001', 2, 2024, 'CQ');
INSERT INTO N09_KHMO (MAHP, HK, NAM, MACT) VALUES ('HP001', 3, 2024, 'CQ');
INSERT INTO N09_KHMO (MAHP, HK, NAM, MACT) VALUES ('HP001', 1, 2024, 'CLC');
INSERT INTO N09_KHMO (MAHP, HK, NAM, MACT) VALUES ('HP001', 2, 2024, 'CLC');
INSERT INTO N09_KHMO (MAHP, HK, NAM, MACT) VALUES ('HP001', 3, 2024, 'CLC');
INSERT INTO N09_KHMO (MAHP, HK, NAM, MACT) VALUES ('HP001', 1, 2024, 'CTTT');
INSERT INTO N09_KHMO (MAHP, HK, NAM, MACT) VALUES ('HP001', 2, 2024, 'CTTT');
INSERT INTO N09_KHMO (MAHP, HK, NAM, MACT) VALUES ('HP001', 3, 2024, 'CTTT');
INSERT INTO N09_KHMO (MAHP, HK, NAM, MACT) VALUES ('HP001', 1, 2024, 'VP');
INSERT INTO N09_KHMO (MAHP, HK, NAM, MACT) VALUES ('HP001', 2, 2024, 'VP');
INSERT INTO N09_KHMO (MAHP, HK, NAM, MACT) VALUES ('HP001', 3, 2024, 'VP');
INSERT INTO N09_KHMO (MAHP, HK, NAM, MACT) VALUES ('HP002', 1, 2024, 'CQ');
INSERT INTO N09_KHMO (MAHP, HK, NAM, MACT) VALUES ('HP002', 2, 2024, 'CQ');
INSERT INTO N09_KHMO (MAHP, HK, NAM, MACT) VALUES ('HP002', 3, 2024, 'CQ');
INSERT INTO N09_KHMO (MAHP, HK, NAM, MACT) VALUES ('HP002', 1, 2024, 'CLC');
INSERT INTO N09_KHMO (MAHP, HK, NAM, MACT) VALUES ('HP002', 2, 2024, 'CLC');
INSERT INTO N09_KHMO (MAHP, HK, NAM, MACT) VALUES ('HP002', 3, 2024, 'CLC');
INSERT INTO N09_KHMO (MAHP, HK, NAM, MACT) VALUES ('HP003', 1, 2024, 'CQ');
INSERT INTO N09_KHMO (MAHP, HK, NAM, MACT) VALUES ('HP003', 2, 2024, 'CQ');
INSERT INTO N09_KHMO (MAHP, HK, NAM, MACT) VALUES ('HP003', 3, 2024, 'CQ');
INSERT INTO N09_KHMO (MAHP, HK, NAM, MACT) VALUES ('HP003', 1, 2024, 'CTTT');
INSERT INTO N09_KHMO (MAHP, HK, NAM, MACT) VALUES ('HP003', 2, 2024, 'CTTT');
INSERT INTO N09_KHMO (MAHP, HK, NAM, MACT) VALUES ('HP003', 3, 2024, 'CTTT');
INSERT INTO N09_KHMO (MAHP, HK, NAM, MACT) VALUES ('HP004', 1, 2024, 'VP');
INSERT INTO N09_KHMO (MAHP, HK, NAM, MACT) VALUES ('HP004', 2, 2024, 'VP');
INSERT INTO N09_KHMO (MAHP, HK, NAM, MACT) VALUES ('HP004', 3, 2024, 'VP');
INSERT INTO N09_KHMO (MAHP, HK, NAM, MACT) VALUES ('HP004', 1, 2024, 'CLC');
INSERT INTO N09_KHMO (MAHP, HK, NAM, MACT) VALUES ('HP004', 2, 2024, 'CLC');
INSERT INTO N09_KHMO (MAHP, HK, NAM, MACT) VALUES ('HP004', 3, 2024, 'CLC');
INSERT INTO N09_KHMO (MAHP, HK, NAM, MACT) VALUES ('HP005', 1, 2024, 'CQ');
INSERT INTO N09_KHMO (MAHP, HK, NAM, MACT) VALUES ('HP005', 2, 2024, 'CQ');
INSERT INTO N09_KHMO (MAHP, HK, NAM, MACT) VALUES ('HP005', 3, 2024, 'CQ');
INSERT INTO N09_KHMO (MAHP, HK, NAM, MACT) VALUES ('HP005', 1, 2024, 'VP');
INSERT INTO N09_KHMO (MAHP, HK, NAM, MACT) VALUES ('HP005', 2, 2024, 'VP');
INSERT INTO N09_KHMO (MAHP, HK, NAM, MACT) VALUES ('HP005', 3, 2024, 'VP');
INSERT INTO N09_KHMO (MAHP, HK, NAM, MACT) VALUES ('HP006', 1, 2024, 'CLC');
INSERT INTO N09_KHMO (MAHP, HK, NAM, MACT) VALUES ('HP006', 2, 2024, 'CLC');
INSERT INTO N09_KHMO (MAHP, HK, NAM, MACT) VALUES ('HP006', 3, 2024, 'CLC');
INSERT INTO N09_KHMO (MAHP, HK, NAM, MACT) VALUES ('HP007', 1, 2024, 'CTTT');
INSERT INTO N09_KHMO (MAHP, HK, NAM, MACT) VALUES ('HP007', 2, 2024, 'CTTT');
INSERT INTO N09_KHMO (MAHP, HK, NAM, MACT) VALUES ('HP007', 3, 2024, 'CTTT');
INSERT INTO N09_KHMO (MAHP, HK, NAM, MACT) VALUES ('HP008', 1, 2024, 'VP');
INSERT INTO N09_KHMO (MAHP, HK, NAM, MACT) VALUES ('HP008', 2, 2024, 'VP');
INSERT INTO N09_KHMO (MAHP, HK, NAM, MACT) VALUES ('HP008', 3, 2024, 'VP');
INSERT INTO N09_KHMO (MAHP, HK, NAM, MACT) VALUES ('HP009', 1, 2024, 'CQ');
INSERT INTO N09_KHMO (MAHP, HK, NAM, MACT) VALUES ('HP009', 2, 2024, 'CQ');
INSERT INTO N09_KHMO (MAHP, HK, NAM, MACT) VALUES ('HP009', 3, 2024, 'CQ');
INSERT INTO N09_KHMO (MAHP, HK, NAM, MACT) VALUES ('HP009', 1, 2024, 'CTTT');
INSERT INTO N09_KHMO (MAHP, HK, NAM, MACT) VALUES ('HP009', 2, 2024, 'CTTT');
INSERT INTO N09_KHMO (MAHP, HK, NAM, MACT) VALUES ('HP009', 3, 2024, 'CTTT');
INSERT INTO N09_KHMO (MAHP, HK, NAM, MACT) VALUES ('HP010', 1, 2024, 'CLC');
INSERT INTO N09_KHMO (MAHP, HK, NAM, MACT) VALUES ('HP010', 2, 2024, 'CLC');
INSERT INTO N09_KHMO (MAHP, HK, NAM, MACT) VALUES ('HP010', 3, 2024, 'CLC');
INSERT INTO N09_KHMO (MAHP, HK, NAM, MACT) VALUES ('HP011', 1, 2024, 'VP');
INSERT INTO N09_KHMO (MAHP, HK, NAM, MACT) VALUES ('HP011', 2, 2024, 'VP');
INSERT INTO N09_KHMO (MAHP, HK, NAM, MACT) VALUES ('HP011', 3, 2024, 'VP');
INSERT INTO N09_KHMO (MAHP, HK, NAM, MACT) VALUES ('HP012', 1, 2024, 'CQ');
INSERT INTO N09_KHMO (MAHP, HK, NAM, MACT) VALUES ('HP012', 2, 2024, 'CQ');
INSERT INTO N09_KHMO (MAHP, HK, NAM, MACT) VALUES ('HP012', 3, 2024, 'CQ');
INSERT INTO N09_KHMO (MAHP, HK, NAM, MACT) VALUES ('HP013', 1, 2024, 'CTTT');
INSERT INTO N09_KHMO (MAHP, HK, NAM, MACT) VALUES ('HP013', 2, 2024, 'CTTT');
INSERT INTO N09_KHMO (MAHP, HK, NAM, MACT) VALUES ('HP013', 3, 2024, 'CTTT');
INSERT INTO N09_KHMO (MAHP, HK, NAM, MACT) VALUES ('HP014', 1, 2024, 'CLC');
INSERT INTO N09_KHMO (MAHP, HK, NAM, MACT) VALUES ('HP014', 2, 2024, 'CLC');
INSERT INTO N09_KHMO (MAHP, HK, NAM, MACT) VALUES ('HP014', 3, 2024, 'CLC');
INSERT INTO N09_KHMO (MAHP, HK, NAM, MACT) VALUES ('HP015', 1, 2024, 'VP');
INSERT INTO N09_KHMO (MAHP, HK, NAM, MACT) VALUES ('HP015', 2, 2024, 'VP');
INSERT INTO N09_KHMO (MAHP, HK, NAM, MACT) VALUES ('HP015', 3, 2024, 'VP');
INSERT INTO N09_KHMO (MAHP, HK, NAM, MACT) VALUES ('HP016', 1, 2024, 'CQ');
INSERT INTO N09_KHMO (MAHP, HK, NAM, MACT) VALUES ('HP016', 2, 2024, 'CQ');
INSERT INTO N09_KHMO (MAHP, HK, NAM, MACT) VALUES ('HP016', 3, 2024, 'CQ');
INSERT INTO N09_KHMO (MAHP, HK, NAM, MACT) VALUES ('HP017', 1, 2024, 'CTTT');
INSERT INTO N09_KHMO (MAHP, HK, NAM, MACT) VALUES ('HP017', 2, 2024, 'CTTT');
INSERT INTO N09_KHMO (MAHP, HK, NAM, MACT) VALUES ('HP017', 3, 2024, 'CTTT');
INSERT INTO N09_KHMO (MAHP, HK, NAM, MACT) VALUES ('HP018', 1, 2024, 'CLC');
INSERT INTO N09_KHMO (MAHP, HK, NAM, MACT) VALUES ('HP018', 2, 2024, 'CLC');
INSERT INTO N09_KHMO (MAHP, HK, NAM, MACT) VALUES ('HP018', 3, 2024, 'CLC');
INSERT INTO N09_KHMO (MAHP, HK, NAM, MACT) VALUES ('HP019', 1, 2024, 'VP');
INSERT INTO N09_KHMO (MAHP, HK, NAM, MACT) VALUES ('HP019', 2, 2024, 'VP');
INSERT INTO N09_KHMO (MAHP, HK, NAM, MACT) VALUES ('HP019', 3, 2024, 'VP');
INSERT INTO N09_KHMO (MAHP, HK, NAM, MACT) VALUES ('HP020', 1, 2024, 'CQ');
INSERT INTO N09_KHMO (MAHP, HK, NAM, MACT) VALUES ('HP020', 2, 2024, 'CQ');
INSERT INTO N09_KHMO (MAHP, HK, NAM, MACT) VALUES ('HP020', 3, 2024, 'CQ');
INSERT INTO N09_KHMO (MAHP, HK, NAM, MACT) VALUES ('HP021', 1, 2024, 'CTTT');
INSERT INTO N09_KHMO (MAHP, HK, NAM, MACT) VALUES ('HP021', 2, 2024, 'CTTT');
INSERT INTO N09_KHMO (MAHP, HK, NAM, MACT) VALUES ('HP021', 3, 2024, 'CTTT');
INSERT INTO N09_KHMO (MAHP, HK, NAM, MACT) VALUES ('HP022', 1, 2024, 'CLC');
INSERT INTO N09_KHMO (MAHP, HK, NAM, MACT) VALUES ('HP022', 2, 2024, 'CLC');
INSERT INTO N09_KHMO (MAHP, HK, NAM, MACT) VALUES ('HP022', 3, 2024, 'CLC');
INSERT INTO N09_KHMO (MAHP, HK, NAM, MACT) VALUES ('HP023', 1, 2024, 'VP');
INSERT INTO N09_KHMO (MAHP, HK, NAM, MACT) VALUES ('HP023', 2, 2024, 'VP');
INSERT INTO N09_KHMO (MAHP, HK, NAM, MACT) VALUES ('HP023', 3, 2024, 'VP');
INSERT INTO N09_KHMO (MAHP, HK, NAM, MACT) VALUES ('HP024', 1, 2024, 'CQ');
INSERT INTO N09_KHMO (MAHP, HK, NAM, MACT) VALUES ('HP024', 2, 2024, 'CQ');
INSERT INTO N09_KHMO (MAHP, HK, NAM, MACT) VALUES ('HP024', 3, 2024, 'CQ');
INSERT INTO N09_KHMO (MAHP, HK, NAM, MACT) VALUES ('HP025', 1, 2024, 'CTTT');
INSERT INTO N09_KHMO (MAHP, HK, NAM, MACT) VALUES ('HP025', 2, 2024, 'CTTT');
INSERT INTO N09_KHMO (MAHP, HK, NAM, MACT) VALUES ('HP025', 3, 2024, 'CTTT');
INSERT INTO N09_KHMO (MAHP, HK, NAM, MACT) VALUES ('HP026', 1, 2024, 'CLC');
INSERT INTO N09_KHMO (MAHP, HK, NAM, MACT) VALUES ('HP026', 2, 2024, 'CLC');
INSERT INTO N09_KHMO (MAHP, HK, NAM, MACT) VALUES ('HP026', 3, 2024, 'CLC');
INSERT INTO N09_KHMO (MAHP, HK, NAM, MACT) VALUES ('HP027', 1, 2024, 'VP');
INSERT INTO N09_KHMO (MAHP, HK, NAM, MACT) VALUES ('HP027', 2, 2024, 'VP');
INSERT INTO N09_KHMO (MAHP, HK, NAM, MACT) VALUES ('HP027', 3, 2024, 'VP');
INSERT INTO N09_KHMO (MAHP, HK, NAM, MACT) VALUES ('HP028', 1, 2024, 'CQ');
INSERT INTO N09_KHMO (MAHP, HK, NAM, MACT) VALUES ('HP028', 2, 2024, 'CQ');
INSERT INTO N09_KHMO (MAHP, HK, NAM, MACT) VALUES ('HP028', 3, 2024, 'CQ');
INSERT INTO N09_KHMO (MAHP, HK, NAM, MACT) VALUES ('HP029', 1, 2024, 'CTTT');
INSERT INTO N09_KHMO (MAHP, HK, NAM, MACT) VALUES ('HP029', 2, 2024, 'CTTT');
INSERT INTO N09_KHMO (MAHP, HK, NAM, MACT) VALUES ('HP029', 3, 2024, 'CTTT');
INSERT INTO N09_KHMO (MAHP, HK, NAM, MACT) VALUES ('HP030', 1, 2024, 'CLC');
INSERT INTO N09_KHMO (MAHP, HK, NAM, MACT) VALUES ('HP030', 2, 2024, 'CLC');
INSERT INTO N09_KHMO (MAHP, HK, NAM, MACT) VALUES ('HP030', 3, 2024, 'CLC');
INSERT INTO N09_KHMO (MAHP, HK, NAM, MACT) VALUES ('HP031', 1, 2024, 'VP');
INSERT INTO N09_KHMO (MAHP, HK, NAM, MACT) VALUES ('HP031', 2, 2024, 'VP');
INSERT INTO N09_KHMO (MAHP, HK, NAM, MACT) VALUES ('HP031', 3, 2024, 'VP');
INSERT INTO N09_KHMO (MAHP, HK, NAM, MACT) VALUES ('HP032', 1, 2024, 'CQ');
INSERT INTO N09_KHMO (MAHP, HK, NAM, MACT) VALUES ('HP032', 2, 2024, 'CQ');
INSERT INTO N09_KHMO (MAHP, HK, NAM, MACT) VALUES ('HP032', 3, 2024, 'CQ');
INSERT INTO N09_KHMO (MAHP, HK, NAM, MACT) VALUES ('HP033', 1, 2024, 'CTTT');
INSERT INTO N09_KHMO (MAHP, HK, NAM, MACT) VALUES ('HP033', 2, 2024, 'CTTT');
INSERT INTO N09_KHMO (MAHP, HK, NAM, MACT) VALUES ('HP033', 3, 2024, 'CTTT');
INSERT INTO N09_KHMO (MAHP, HK, NAM, MACT) VALUES ('HP034', 1, 2024, 'CLC');
INSERT INTO N09_KHMO (MAHP, HK, NAM, MACT) VALUES ('HP034', 2, 2024, 'CLC');
INSERT INTO N09_KHMO (MAHP, HK, NAM, MACT) VALUES ('HP034', 3, 2024, 'CLC');
/

----------------------------------------------------------------
-- Chèn dữ liệu vào bảng N09_PHANCONG
----------------------------------------------------------------
INSERT INTO N09_PHANCONG (MAGV, MAHP, HK, NAM, MACT) VALUES ('NV201', 'HP001', 1, 2024, 'CQ');
INSERT INTO N09_PHANCONG (MAGV, MAHP, HK, NAM, MACT) VALUES ('NV201', 'HP002', 2, 2024, 'CQ');
INSERT INTO N09_PHANCONG (MAGV, MAHP, HK, NAM, MACT) VALUES ('NV201', 'HP003', 3, 2024, 'CQ');
INSERT INTO N09_PHANCONG (MAGV, MAHP, HK, NAM, MACT) VALUES ('NV201', 'HP004', 1, 2024, 'CLC');
INSERT INTO N09_PHANCONG (MAGV, MAHP, HK, NAM, MACT) VALUES ('NV202', 'HP001', 2, 2024, 'CLC');
INSERT INTO N09_PHANCONG (MAGV, MAHP, HK, NAM, MACT) VALUES ('NV202', 'HP002', 2, 2024, 'CLC');
INSERT INTO N09_PHANCONG (MAGV, MAHP, HK, NAM, MACT) VALUES ('NV202', 'HP005', 2, 2024, 'CQ');
INSERT INTO N09_PHANCONG (MAGV, MAHP, HK, NAM, MACT) VALUES ('NV202', 'HP006', 3, 2024, 'CLC');
INSERT INTO N09_PHANCONG (MAGV, MAHP, HK, NAM, MACT) VALUES ('NV202', 'HP007', 1, 2024, 'CTTT');
INSERT INTO N09_PHANCONG (MAGV, MAHP, HK, NAM, MACT) VALUES ('NV202', 'HP008', 2, 2024, 'VP');
INSERT INTO N09_PHANCONG (MAGV, MAHP, HK, NAM, MACT) VALUES ('NV203', 'HP009', 3, 2024, 'CQ');
INSERT INTO N09_PHANCONG (MAGV, MAHP, HK, NAM, MACT) VALUES ('NV203', 'HP010', 1, 2024, 'CLC');
INSERT INTO N09_PHANCONG (MAGV, MAHP, HK, NAM, MACT) VALUES ('NV203', 'HP011', 2, 2024, 'VP');
INSERT INTO N09_PHANCONG (MAGV, MAHP, HK, NAM, MACT) VALUES ('NV203', 'HP012', 3, 2024, 'CQ');
INSERT INTO N09_PHANCONG (MAGV, MAHP, HK, NAM, MACT) VALUES ('NV203', 'HP003', 3, 2024, 'CTTT');
INSERT INTO N09_PHANCONG (MAGV, MAHP, HK, NAM, MACT) VALUES ('NV204', 'HP004', 1, 2024, 'CLC');
INSERT INTO N09_PHANCONG (MAGV, MAHP, HK, NAM, MACT) VALUES ('NV204', 'HP013', 1, 2024, 'CTTT');
INSERT INTO N09_PHANCONG (MAGV, MAHP, HK, NAM, MACT) VALUES ('NV204', 'HP014', 2, 2024, 'CLC');
INSERT INTO N09_PHANCONG (MAGV, MAHP, HK, NAM, MACT) VALUES ('NV204', 'HP015', 3, 2024, 'VP');
INSERT INTO N09_PHANCONG (MAGV, MAHP, HK, NAM, MACT) VALUES ('NV205', 'HP005', 2, 2024, 'VP');
INSERT INTO N09_PHANCONG (MAGV, MAHP, HK, NAM, MACT) VALUES ('NV205', 'HP016', 1, 2024, 'CQ');
INSERT INTO N09_PHANCONG (MAGV, MAHP, HK, NAM, MACT) VALUES ('NV205', 'HP017', 2, 2024, 'CTTT');
INSERT INTO N09_PHANCONG (MAGV, MAHP, HK, NAM, MACT) VALUES ('NV205', 'HP018', 3, 2024, 'CLC');
INSERT INTO N09_PHANCONG (MAGV, MAHP, HK, NAM, MACT) VALUES ('NV205', 'HP019', 1, 2024, 'VP');
INSERT INTO N09_PHANCONG (MAGV, MAHP, HK, NAM, MACT) VALUES ('NV206', 'HP006', 3, 2024, 'CLC');
INSERT INTO N09_PHANCONG (MAGV, MAHP, HK, NAM, MACT) VALUES ('NV206', 'HP020', 2, 2024, 'CQ');
INSERT INTO N09_PHANCONG (MAGV, MAHP, HK, NAM, MACT) VALUES ('NV206', 'HP021', 3, 2024, 'CTTT');
INSERT INTO N09_PHANCONG (MAGV, MAHP, HK, NAM, MACT) VALUES ('NV206', 'HP022', 1, 2024, 'CLC');
INSERT INTO N09_PHANCONG (MAGV, MAHP, HK, NAM, MACT) VALUES ('NV206', 'HP023', 2, 2024, 'VP');
INSERT INTO N09_PHANCONG (MAGV, MAHP, HK, NAM, MACT) VALUES ('NV207', 'HP007', 1, 2024, 'CTTT');
INSERT INTO N09_PHANCONG (MAGV, MAHP, HK, NAM, MACT) VALUES ('NV207', 'HP024', 3, 2024, 'CQ');
INSERT INTO N09_PHANCONG (MAGV, MAHP, HK, NAM, MACT) VALUES ('NV207', 'HP025', 1, 2024, 'CTTT');
INSERT INTO N09_PHANCONG (MAGV, MAHP, HK, NAM, MACT) VALUES ('NV207', 'HP026', 2, 2024, 'CLC');
INSERT INTO N09_PHANCONG (MAGV, MAHP, HK, NAM, MACT) VALUES ('NV207', 'HP027', 3, 2024, 'VP');
INSERT INTO N09_PHANCONG (MAGV, MAHP, HK, NAM, MACT) VALUES ('NV208', 'HP008', 2, 2024, 'VP');
INSERT INTO N09_PHANCONG (MAGV, MAHP, HK, NAM, MACT) VALUES ('NV208', 'HP028', 1, 2024, 'CQ');
INSERT INTO N09_PHANCONG (MAGV, MAHP, HK, NAM, MACT) VALUES ('NV208', 'HP029', 2, 2024, 'CTTT');
INSERT INTO N09_PHANCONG (MAGV, MAHP, HK, NAM, MACT) VALUES ('NV208', 'HP030', 3, 2024, 'CLC');
INSERT INTO N09_PHANCONG (MAGV, MAHP, HK, NAM, MACT) VALUES ('NV209', 'HP009', 3, 2024, 'CQ');
INSERT INTO N09_PHANCONG (MAGV, MAHP, HK, NAM, MACT) VALUES ('NV209', 'HP031', 1, 2024, 'VP');
INSERT INTO N09_PHANCONG (MAGV, MAHP, HK, NAM, MACT) VALUES ('NV209', 'HP032', 2, 2024, 'CQ');
INSERT INTO N09_PHANCONG (MAGV, MAHP, HK, NAM, MACT) VALUES ('NV209', 'HP033', 3, 2024, 'CTTT');
INSERT INTO N09_PHANCONG (MAGV, MAHP, HK, NAM, MACT) VALUES ('NV209', 'HP034', 1, 2024, 'CLC');
INSERT INTO N09_PHANCONG (MAGV, MAHP, HK, NAM, MACT) VALUES ('NV210', 'HP010', 1, 2024, 'CLC');
INSERT INTO N09_PHANCONG (MAGV, MAHP, HK, NAM, MACT) VALUES ('NV210', 'HP001', 2, 2024, 'CQ');
INSERT INTO N09_PHANCONG (MAGV, MAHP, HK, NAM, MACT) VALUES ('NV210', 'HP002', 3, 2024, 'CQ');
INSERT INTO N09_PHANCONG (MAGV, MAHP, HK, NAM, MACT) VALUES ('NV210', 'HP003', 1, 2024, 'CQ');
INSERT INTO N09_PHANCONG (MAGV, MAHP, HK, NAM, MACT) VALUES ('NV210', 'HP004', 2, 2024, 'VP');
INSERT INTO N09_PHANCONG (MAGV, MAHP, HK, NAM, MACT) VALUES ('NV211', 'HP001', 2, 2024, 'CLC');
INSERT INTO N09_PHANCONG (MAGV, MAHP, HK, NAM, MACT) VALUES ('NV211', 'HP002', 3, 2024, 'CQ');
INSERT INTO N09_PHANCONG (MAGV, MAHP, HK, NAM, MACT) VALUES ('NV211', 'HP003', 1, 2024, 'CQ');
INSERT INTO N09_PHANCONG (MAGV, MAHP, HK, NAM, MACT) VALUES ('NV211', 'HP004', 2, 2024, 'CLC');
INSERT INTO N09_PHANCONG (MAGV, MAHP, HK, NAM, MACT) VALUES ('NV211', 'HP010', 3, 2024, 'CLC');
INSERT INTO N09_PHANCONG (MAGV, MAHP, HK, NAM, MACT) VALUES ('NV212', 'HP002', 3, 2024, 'CQ');
INSERT INTO N09_PHANCONG (MAGV, MAHP, HK, NAM, MACT) VALUES ('NV212', 'HP001', 1, 2024, 'CTTT');
INSERT INTO N09_PHANCONG (MAGV, MAHP, HK, NAM, MACT) VALUES ('NV212', 'HP004', 2, 2024, 'VP');
INSERT INTO N09_PHANCONG (MAGV, MAHP, HK, NAM, MACT) VALUES ('NV212', 'HP005', 3, 2024, 'VP');
INSERT INTO N09_PHANCONG (MAGV, MAHP, HK, NAM, MACT) VALUES ('NV212', 'HP006', 1, 2024, 'CLC');
INSERT INTO N09_PHANCONG (MAGV, MAHP, HK, NAM, MACT) VALUES ('NV213', 'HP007', 2, 2024, 'CTTT');
INSERT INTO N09_PHANCONG (MAGV, MAHP, HK, NAM, MACT) VALUES ('NV213', 'HP008', 3, 2024, 'VP');
INSERT INTO N09_PHANCONG (MAGV, MAHP, HK, NAM, MACT) VALUES ('NV213', 'HP009', 1, 2024, 'CQ');
INSERT INTO N09_PHANCONG (MAGV, MAHP, HK, NAM, MACT) VALUES ('NV213', 'HP001', 2, 2024, 'CQ');
INSERT INTO N09_PHANCONG (MAGV, MAHP, HK, NAM, MACT) VALUES ('NV214', 'HP001', 3, 2024, 'VP');
INSERT INTO N09_PHANCONG (MAGV, MAHP, HK, NAM, MACT) VALUES ('NV214', 'HP002', 1, 2024, 'CQ');
INSERT INTO N09_PHANCONG (MAGV, MAHP, HK, NAM, MACT) VALUES ('NV214', 'HP003', 2, 2024, 'CQ');
INSERT INTO N09_PHANCONG (MAGV, MAHP, HK, NAM, MACT) VALUES ('NV214', 'HP004', 3, 2024, 'VP');
INSERT INTO N09_PHANCONG (MAGV, MAHP, HK, NAM, MACT) VALUES ('NV215', 'HP005', 1, 2024, 'CQ');
INSERT INTO N09_PHANCONG (MAGV, MAHP, HK, NAM, MACT) VALUES ('NV215', 'HP006', 2, 2024, 'CLC');
INSERT INTO N09_PHANCONG (MAGV, MAHP, HK, NAM, MACT) VALUES ('NV215', 'HP007', 3, 2024, 'CTTT');
INSERT INTO N09_PHANCONG (MAGV, MAHP, HK, NAM, MACT) VALUES ('NV215', 'HP008', 1, 2024, 'VP');
INSERT INTO N09_PHANCONG (MAGV, MAHP, HK, NAM, MACT) VALUES ('NV216', 'HP009', 2, 2024, 'CQ');
INSERT INTO N09_PHANCONG (MAGV, MAHP, HK, NAM, MACT) VALUES ('NV216', 'HP001', 3, 2024, 'VP');
INSERT INTO N09_PHANCONG (MAGV, MAHP, HK, NAM, MACT) VALUES ('NV216', 'HP001', 1, 2024, 'CQ');
INSERT INTO N09_PHANCONG (MAGV, MAHP, HK, NAM, MACT) VALUES ('NV216', 'HP002', 2, 2024, 'CQ');
INSERT INTO N09_PHANCONG (MAGV, MAHP, HK, NAM, MACT) VALUES ('NV217', 'HP003', 3, 2024, 'CQ');
INSERT INTO N09_PHANCONG (MAGV, MAHP, HK, NAM, MACT) VALUES ('NV217', 'HP004', 1, 2024, 'CLC');
INSERT INTO N09_PHANCONG (MAGV, MAHP, HK, NAM, MACT) VALUES ('NV217', 'HP005', 2, 2024, 'VP');
INSERT INTO N09_PHANCONG (MAGV, MAHP, HK, NAM, MACT) VALUES ('NV217', 'HP006', 3, 2024, 'CLC');
/

----------------------------------------------------------------
-- Chèn dữ liệu vào bảng N09_DANGKY
----------------------------------------------------------------
INSERT INTO N09_DANGKY (MASV, MAGV, MAHP, HK, NAM, MACT, DIEMTH, DIEMQT, DIEMCK, DIEMTK) VALUES ('SV001', 'NV201', 'HP001', 1, 2024, 'CQ', 7.5, 8, 8.5, 8);
INSERT INTO N09_DANGKY (MASV, MAGV, MAHP, HK, NAM, MACT, DIEMTH, DIEMQT, DIEMCK, DIEMTK) VALUES ('SV001', 'NV201', 'HP002', 2, 2024, 'CQ', 7, 7.5, 8, 7.5);
INSERT INTO N09_DANGKY (MASV, MAGV, MAHP, HK, NAM, MACT, DIEMTH, DIEMQT, DIEMCK, DIEMTK) VALUES ('SV001', 'NV201', 'HP003', 3, 2024, 'CQ', 8, 8, 8, 8);
INSERT INTO N09_DANGKY (MASV, MAGV, MAHP, HK, NAM, MACT, DIEMTH, DIEMQT, DIEMCK, DIEMTK) VALUES ('SV001', 'NV201', 'HP004', 1, 2024, 'CLC', 8.5, 8, 7.5, 8);
INSERT INTO N09_DANGKY (MASV, MAGV, MAHP, HK, NAM, MACT, DIEMTH, DIEMQT, DIEMCK, DIEMTK) VALUES ('SV002', 'NV202', 'HP001', 2, 2024, 'CLC', 6.5, 7, 7.5, 7);
INSERT INTO N09_DANGKY (MASV, MAGV, MAHP, HK, NAM, MACT, DIEMTH, DIEMQT, DIEMCK, DIEMTK) VALUES ('SV002', 'NV202', 'HP002', 2, 2024, 'CLC', 7.5, 7.5, 8, 7.5);
INSERT INTO N09_DANGKY (MASV, MAGV, MAHP, HK, NAM, MACT, DIEMTH, DIEMQT, DIEMCK, DIEMTK) VALUES ('SV002', 'NV202', 'HP005', 2, 2024, 'CQ', 6, 7, 7.5, 7);
INSERT INTO N09_DANGKY (MASV, MAGV, MAHP, HK, NAM, MACT, DIEMTH, DIEMQT, DIEMCK, DIEMTK) VALUES ('SV002', 'NV202', 'HP006', 3, 2024, 'CLC', 8, 8.5, 9, 8.5);
INSERT INTO N09_DANGKY (MASV, MAGV, MAHP, HK, NAM, MACT, DIEMTH, DIEMQT, DIEMCK, DIEMTK) VALUES ('SV002', 'NV202', 'HP007', 1, 2024, 'CTTT', 8.5, 9, 9, 8.5);
INSERT INTO N09_DANGKY (MASV, MAGV, MAHP, HK, NAM, MACT, DIEMTH, DIEMQT, DIEMCK, DIEMTK) VALUES ('SV002', 'NV202', 'HP008', 2, 2024, 'VP', 9, 8.5, 8, 8.5);
INSERT INTO N09_DANGKY (MASV, MAGV, MAHP, HK, NAM, MACT, DIEMTH, DIEMQT, DIEMCK, DIEMTK) VALUES ('SV003', 'NV203', 'HP009', 3, 2024, 'CQ', 7.5, 8, 8.5, 8);
INSERT INTO N09_DANGKY (MASV, MAGV, MAHP, HK, NAM, MACT, DIEMTH, DIEMQT, DIEMCK, DIEMTK) VALUES ('SV003', 'NV203', 'HP010', 1, 2024, 'CLC', 7, 7.5, 8, 7.5);
INSERT INTO N09_DANGKY (MASV, MAGV, MAHP, HK, NAM, MACT, DIEMTH, DIEMQT, DIEMCK, DIEMTK) VALUES ('SV003', 'NV203', 'HP011', 2, 2024, 'VP', 6, 7, 7.5, 7);
INSERT INTO N09_DANGKY (MASV, MAGV, MAHP, HK, NAM, MACT, DIEMTH, DIEMQT, DIEMCK, DIEMTK) VALUES ('SV003', 'NV203', 'HP012', 3, 2024, 'CQ', 8.5, 8.5, 9, 8.5);
INSERT INTO N09_DANGKY (MASV, MAGV, MAHP, HK, NAM, MACT, DIEMTH, DIEMQT, DIEMCK, DIEMTK) VALUES ('SV003', 'NV203', 'HP003', 3, 2024, 'CTTT', 8, 8, 8, 8);
INSERT INTO N09_DANGKY (MASV, MAGV, MAHP, HK, NAM, MACT, DIEMTH, DIEMQT, DIEMCK, DIEMTK) VALUES ('SV004', 'NV204', 'HP004', 1, 2024, 'CLC', 7, 7.5, 8, 7.5);
INSERT INTO N09_DANGKY (MASV, MAGV, MAHP, HK, NAM, MACT, DIEMTH, DIEMQT, DIEMCK, DIEMTK) VALUES ('SV004', 'NV204', 'HP013', 1, 2024, 'CTTT', 6.5, 7, 7.5, 7);
INSERT INTO N09_DANGKY (MASV, MAGV, MAHP, HK, NAM, MACT, DIEMTH, DIEMQT, DIEMCK, DIEMTK) VALUES ('SV004', 'NV204', 'HP014', 2, 2024, 'CLC', 8, 8.5, 9, 8.5);
INSERT INTO N09_DANGKY (MASV, MAGV, MAHP, HK, NAM, MACT, DIEMTH, DIEMQT, DIEMCK, DIEMTK) VALUES ('SV004', 'NV204', 'HP015', 3, 2024, 'VP', 9, 8.5, 8, 8.5);
INSERT INTO N09_DANGKY (MASV, MAGV, MAHP, HK, NAM, MACT, DIEMTH, DIEMQT, DIEMCK, DIEMTK) VALUES ('SV005', 'NV205', 'HP005', 2, 2024, 'VP', 7, 7.5, 8, 7.5);
INSERT INTO N09_DANGKY (MASV, MAGV, MAHP, HK, NAM, MACT, DIEMTH, DIEMQT, DIEMCK, DIEMTK) VALUES ('SV005', 'NV205', 'HP016', 1, 2024, 'CQ', 6.5, 7, 7.5, 7);
INSERT INTO N09_DANGKY (MASV, MAGV, MAHP, HK, NAM, MACT, DIEMTH, DIEMQT, DIEMCK, DIEMTK) VALUES ('SV005', 'NV205', 'HP017', 2, 2024, 'CTTT', 8, 8, 8, 8);
INSERT INTO N09_DANGKY (MASV, MAGV, MAHP, HK, NAM, MACT, DIEMTH, DIEMQT, DIEMCK, DIEMTK) VALUES ('SV005', 'NV205', 'HP018', 3, 2024, 'CLC', 8.5, 9, 9, 8.5);
INSERT INTO N09_DANGKY (MASV, MAGV, MAHP, HK, NAM, MACT, DIEMTH, DIEMQT, DIEMCK, DIEMTK) VALUES ('SV005', 'NV205', 'HP019', 1, 2024, 'VP', 9, 8.5, 8, 8.5);
INSERT INTO N09_DANGKY (MASV, MAGV, MAHP, HK, NAM, MACT, DIEMTH, DIEMQT, DIEMCK, DIEMTK) VALUES ('SV006', 'NV206', 'HP006', 3, 2024, 'CLC', 7, 7.5, 8, 7.5);
INSERT INTO N09_DANGKY (MASV, MAGV, MAHP, HK, NAM, MACT, DIEMTH, DIEMQT, DIEMCK, DIEMTK) VALUES ('SV006', 'NV206', 'HP020', 2, 2024, 'CQ', 7.5, 8, 8.5, 8);
INSERT INTO N09_DANGKY (MASV, MAGV, MAHP, HK, NAM, MACT, DIEMTH, DIEMQT, DIEMCK, DIEMTK) VALUES ('SV006', 'NV206', 'HP021', 3, 2024, 'CTTT', 8.5, 8.5, 9, 8.5);
INSERT INTO N09_DANGKY (MASV, MAGV, MAHP, HK, NAM, MACT, DIEMTH, DIEMQT, DIEMCK, DIEMTK) VALUES ('SV006', 'NV206', 'HP022', 1, 2024, 'CLC', 9, 8.5, 8, 8.5);
INSERT INTO N09_DANGKY (MASV, MAGV, MAHP, HK, NAM, MACT, DIEMTH, DIEMQT, DIEMCK, DIEMTK) VALUES ('SV006', 'NV206', 'HP023', 2, 2024, 'VP', 7.5, 8, 8.5, 8);
INSERT INTO N09_DANGKY (MASV, MAGV, MAHP, HK, NAM, MACT, DIEMTH, DIEMQT, DIEMCK, DIEMTK) VALUES ('SV007', 'NV207', 'HP007', 1, 2024, 'CTTT', 7, 7.5, 8, 7.5);
INSERT INTO N09_DANGKY (MASV, MAGV, MAHP, HK, NAM, MACT, DIEMTH, DIEMQT, DIEMCK, DIEMTK) VALUES ('SV007', 'NV207', 'HP024', 3, 2024, 'CQ', 8.5, 9, 9, 8.5);
INSERT INTO N09_DANGKY (MASV, MAGV, MAHP, HK, NAM, MACT, DIEMTH, DIEMQT, DIEMCK, DIEMTK) VALUES ('SV007', 'NV207', 'HP025', 1, 2024, 'CTTT', 8, 8, 8, 8);
INSERT INTO N09_DANGKY (MASV, MAGV, MAHP, HK, NAM, MACT, DIEMTH, DIEMQT, DIEMCK, DIEMTK) VALUES ('SV007', 'NV207', 'HP026', 2, 2024, 'CLC', 7.5, 8, 8.5, 8);
INSERT INTO N09_DANGKY (MASV, MAGV, MAHP, HK, NAM, MACT, DIEMTH, DIEMQT, DIEMCK, DIEMTK) VALUES ('SV007', 'NV207', 'HP027', 3, 2024, 'VP', 6.5, 7, 7.5, 7);
INSERT INTO N09_DANGKY (MASV, MAGV, MAHP, HK, NAM, MACT, DIEMTH, DIEMQT, DIEMCK, DIEMTK) VALUES ('SV008', 'NV208', 'HP008', 2, 2024, 'VP', 7, 7.5, 8, 7.5);
INSERT INTO N09_DANGKY (MASV, MAGV, MAHP, HK, NAM, MACT, DIEMTH, DIEMQT, DIEMCK, DIEMTK) VALUES ('SV008', 'NV208', 'HP028', 1, 2024, 'CQ', 6.5, 7, 7.5, 7);
INSERT INTO N09_DANGKY (MASV, MAGV, MAHP, HK, NAM, MACT, DIEMTH, DIEMQT, DIEMCK, DIEMTK) VALUES ('SV008', 'NV208', 'HP029', 2, 2024, 'CTTT', 8, 8.5, 9, 8.5);
INSERT INTO N09_DANGKY (MASV, MAGV, MAHP, HK, NAM, MACT, DIEMTH, DIEMQT, DIEMCK, DIEMTK) VALUES ('SV008', 'NV208', 'HP030', 3, 2024, 'CLC', 9, 8.5, 8, 8.5);
INSERT INTO N09_DANGKY (MASV, MAGV, MAHP, HK, NAM, MACT, DIEMTH, DIEMQT, DIEMCK, DIEMTK) VALUES ('SV009', 'NV209', 'HP009', 3, 2024, 'CQ', 7, 7.5, 8, 7.5);
INSERT INTO N09_DANGKY (MASV, MAGV, MAHP, HK, NAM, MACT, DIEMTH, DIEMQT, DIEMCK, DIEMTK) VALUES ('SV009', 'NV209', 'HP031', 1, 2024, 'VP', 6.5, 7, 7.5, 7);
INSERT INTO N09_DANGKY (MASV, MAGV, MAHP, HK, NAM, MACT, DIEMTH, DIEMQT, DIEMCK, DIEMTK) VALUES ('SV009', 'NV209', 'HP032', 2, 2024, 'CQ', 8, 8, 8, 8);
INSERT INTO N09_DANGKY (MASV, MAGV, MAHP, HK, NAM, MACT, DIEMTH, DIEMQT, DIEMCK, DIEMTK) VALUES ('SV009', 'NV209', 'HP033', 3, 2024, 'CTTT', 7.5, 8, 8.5, 8);
INSERT INTO N09_DANGKY (MASV, MAGV, MAHP, HK, NAM, MACT, DIEMTH, DIEMQT, DIEMCK, DIEMTK) VALUES ('SV009', 'NV209', 'HP034', 1, 2024, 'CLC', 8.5, 9, 9, 8.5);
INSERT INTO N09_DANGKY (MASV, MAGV, MAHP, HK, NAM, MACT, DIEMTH, DIEMQT, DIEMCK, DIEMTK) VALUES ('SV010', 'NV210', 'HP010', 1, 2024, 'CLC', 8, 8, 8, 8);
INSERT INTO N09_DANGKY (MASV, MAGV, MAHP, HK, NAM, MACT, DIEMTH, DIEMQT, DIEMCK, DIEMTK) VALUES ('SV010', 'NV210', 'HP004', 2, 2024, 'VP', 7.5, 8, 8.5, 8);
INSERT INTO N09_DANGKY (MASV, MAGV, MAHP, HK, NAM, MACT, DIEMTH, DIEMQT, DIEMCK, DIEMTK) VALUES ('SV010', 'NV210', 'HP002', 3, 2024, 'CQ', 8, 8, 8, 8);
INSERT INTO N09_DANGKY (MASV, MAGV, MAHP, HK, NAM, MACT, DIEMTH, DIEMQT, DIEMCK, DIEMTK) VALUES ('SV010', 'NV210', 'HP003', 1, 2024, 'CQ', 7, 7.5, 8, 7.5);
INSERT INTO N09_DANGKY (MASV, MAGV, MAHP, HK, NAM, MACT, DIEMTH, DIEMQT, DIEMCK, DIEMTK) VALUES ('SV011', 'NV211', 'HP001', 2, 2024, 'CLC', 7.5, 8, 8.5, 8);
INSERT INTO N09_DANGKY (MASV, MAGV, MAHP, HK, NAM, MACT, DIEMTH, DIEMQT, DIEMCK, DIEMTK) VALUES ('SV011', 'NV211', 'HP002', 3, 2024, 'CQ', 7, 7.5, 8, 7.5);
INSERT INTO N09_DANGKY (MASV, MAGV, MAHP, HK, NAM, MACT, DIEMTH, DIEMQT, DIEMCK, DIEMTK) VALUES ('SV011', 'NV211', 'HP003', 1, 2024, 'CQ', 8, 8, 8, 8);
INSERT INTO N09_DANGKY (MASV, MAGV, MAHP, HK, NAM, MACT, DIEMTH, DIEMQT, DIEMCK, DIEMTK) VALUES ('SV011', 'NV211', 'HP004', 2, 2024, 'CLC', 8.5, 9, 9, 8.5);
INSERT INTO N09_DANGKY (MASV, MAGV, MAHP, HK, NAM, MACT, DIEMTH, DIEMQT, DIEMCK, DIEMTK) VALUES ('SV011', 'NV211', 'HP010', 3, 2024, 'CLC', 9, 8.5, 8, 8.5);
INSERT INTO N09_DANGKY (MASV, MAGV, MAHP, HK, NAM, MACT, DIEMTH, DIEMQT, DIEMCK, DIEMTK) VALUES ('SV012', 'NV212', 'HP002', 3, 2024, 'CQ', 6, 7, 7.5, 7);
INSERT INTO N09_DANGKY (MASV, MAGV, MAHP, HK, NAM, MACT, DIEMTH, DIEMQT, DIEMCK, DIEMTK) VALUES ('SV012', 'NV212', 'HP001', 1, 2024, 'CTTT', 8, 8.5, 9, 8.5);
INSERT INTO N09_DANGKY (MASV, MAGV, MAHP, HK, NAM, MACT, DIEMTH, DIEMQT, DIEMCK, DIEMTK) VALUES ('SV012', 'NV212', 'HP004', 2, 2024, 'VP', 9, 8.5, 8, 8.5);
INSERT INTO N09_DANGKY (MASV, MAGV, MAHP, HK, NAM, MACT, DIEMTH, DIEMQT, DIEMCK, DIEMTK) VALUES ('SV012', 'NV212', 'HP005', 3, 2024, 'VP', 7.5, 8, 8.5, 8);
INSERT INTO N09_DANGKY (MASV, MAGV, MAHP, HK, NAM, MACT, DIEMTH, DIEMQT, DIEMCK, DIEMTK) VALUES ('SV012', 'NV212', 'HP006', 1, 2024, 'CLC', 7, 7.5, 8, 7.5);
INSERT INTO N09_DANGKY (MASV, MAGV, MAHP, HK, NAM, MACT, DIEMTH, DIEMQT, DIEMCK, DIEMTK) VALUES ('SV013', 'NV213', 'HP007', 2, 2024, 'CTTT', 7, 7.5, 8, 7.5);
INSERT INTO N09_DANGKY (MASV, MAGV, MAHP, HK, NAM, MACT, DIEMTH, DIEMQT, DIEMCK, DIEMTK) VALUES ('SV013', 'NV213', 'HP008', 3, 2024, 'VP',7.5, 8, 8.5, 8);
INSERT INTO N09_DANGKY (MASV, MAGV, MAHP, HK, NAM, MACT, DIEMTH, DIEMQT, DIEMCK, DIEMTK) VALUES ('SV013', 'NV213', 'HP009', 1, 2024, 'CQ', 8.5, 9, 9, 8.5);
INSERT INTO N09_DANGKY (MASV, MAGV, MAHP, HK, NAM, MACT, DIEMTH, DIEMQT, DIEMCK, DIEMTK) VALUES ('SV013', 'NV213', 'HP001', 2, 2024, 'CQ', 7.5, 8, 8.5, 8);
INSERT INTO N09_DANGKY (MASV, MAGV, MAHP, HK, NAM, MACT, DIEMTH, DIEMQT, DIEMCK, DIEMTK) VALUES ('SV014', 'NV214', 'HP001', 3, 2024, 'VP', 8, 8.5, 9, 8.5);
INSERT INTO N09_DANGKY (MASV, MAGV, MAHP, HK, NAM, MACT, DIEMTH, DIEMQT, DIEMCK, DIEMTK) VALUES ('SV014', 'NV214', 'HP002', 1, 2024, 'CQ', 7, 7.5, 8, 7.5);
INSERT INTO N09_DANGKY (MASV, MAGV, MAHP, HK, NAM, MACT, DIEMTH, DIEMQT, DIEMCK, DIEMTK) VALUES ('SV014', 'NV214', 'HP003', 2, 2024, 'CQ', 6.5, 7, 7.5, 7);
INSERT INTO N09_DANGKY (MASV, MAGV, MAHP, HK, NAM, MACT, DIEMTH, DIEMQT, DIEMCK, DIEMTK) VALUES ('SV014', 'NV214', 'HP004', 3, 2024, 'VP', 9, 8.5, 8, 8.5);
INSERT INTO N09_DANGKY (MASV, MAGV, MAHP, HK, NAM, MACT, DIEMTH, DIEMQT, DIEMCK, DIEMTK) VALUES ('SV015', 'NV215', 'HP005', 1, 2024, 'CQ', 8.5, 9, 9, 8.5);
INSERT INTO N09_DANGKY (MASV, MAGV, MAHP, HK, NAM, MACT, DIEMTH, DIEMQT, DIEMCK, DIEMTK) VALUES ('SV015', 'NV215', 'HP006', 2, 2024, 'CLC', 7, 7.5, 8, 7.5);
INSERT INTO N09_DANGKY (MASV, MAGV, MAHP, HK, NAM, MACT, DIEMTH, DIEMQT, DIEMCK, DIEMTK) VALUES ('SV015', 'NV215', 'HP007', 3, 2024, 'CTTT', 8, 8, 8, 8);
INSERT INTO N09_DANGKY (MASV, MAGV, MAHP, HK, NAM, MACT, DIEMTH, DIEMQT, DIEMCK, DIEMTK) VALUES ('SV015', 'NV215', 'HP008', 1, 2024, 'VP', 7.5, 8, 8.5, 8);
INSERT INTO N09_DANGKY (MASV, MAGV, MAHP, HK, NAM, MACT, DIEMTH, DIEMQT, DIEMCK, DIEMTK) VALUES ('SV016', 'NV216', 'HP009', 2, 2024, 'CQ', 6.5, 7, 7.5, 7);
INSERT INTO N09_DANGKY (MASV, MAGV, MAHP, HK, NAM, MACT, DIEMTH, DIEMQT, DIEMCK, DIEMTK) VALUES ('SV016', 'NV216', 'HP001', 3, 2024, 'VP', 8, 8, 8, 8);
INSERT INTO N09_DANGKY (MASV, MAGV, MAHP, HK, NAM, MACT, DIEMTH, DIEMQT, DIEMCK, DIEMTK) VALUES ('SV016', 'NV216', 'HP001', 1, 2024, 'CQ', 7, 7.5, 8, 7.5);
INSERT INTO N09_DANGKY (MASV, MAGV, MAHP, HK, NAM, MACT, DIEMTH, DIEMQT, DIEMCK, DIEMTK) VALUES ('SV016', 'NV216', 'HP002', 2, 2024, 'CQ', 8.5, 9, 9, 8.5);
INSERT INTO N09_DANGKY (MASV, MAGV, MAHP, HK, NAM, MACT, DIEMTH, DIEMQT, DIEMCK, DIEMTK) VALUES ('SV017', 'NV217', 'HP003', 3, 2024, 'CQ', 7, 7.5, 8, 7.5);
INSERT INTO N09_DANGKY (MASV, MAGV, MAHP, HK, NAM, MACT, DIEMTH, DIEMQT, DIEMCK, DIEMTK) VALUES ('SV017', 'NV217', 'HP004', 1, 2024, 'CLC', 6.5, 7, 7.5, 7);
INSERT INTO N09_DANGKY (MASV, MAGV, MAHP, HK, NAM, MACT, DIEMTH, DIEMQT, DIEMCK, DIEMTK) VALUES ('SV017', 'NV217', 'HP005', 2, 2024, 'VP', 8, 8, 8, 8);
INSERT INTO N09_DANGKY (MASV, MAGV, MAHP, HK, NAM, MACT, DIEMTH, DIEMQT, DIEMCK, DIEMTK) VALUES ('SV017', 'NV217', 'HP006', 3, 2024, 'CLC', 8.5, 9, 9, 8.5);
/



